/Personal-development/Brain/Tolerance/index.{html} /Personal-development/Brain/Tolerance/
/Personal-development/Productivity/Time-management/index.{html} /Personal-development/Productivity/Time-management/
/Tools/Rize/index.{html} /Tools/Rize/
/Coding//index.{html} /Coding//
/Knowledge/Web/Hamza/index.{html} /Knowledge/Web/Hamza/
/Knowledge/Web/Matt-D-Avella/index.{html} /Knowledge/Web/Matt-D-Avella/
/Knowledge/Web/Zen-Jaskiniowca/Syndrom-jaskiniowca/index.{html} /Knowledge/Web/Zen-Jaskiniowca/Syndrom-jaskiniowca/
/Personal-development/Brain/Reward-system/index.{html} /Personal-development/Brain/Reward-system/
/index.html /
/Knowledge/Books//index.{html} /Knowledge/Books//
/Personal-development/Brain/Discipline/index.{html} /Personal-development/Brain/Discipline/
/Personal-development/Productivity/Habits/index.{html} /Personal-development/Productivity/Habits/
/Tools/Medito/index.{html} /Tools/Medito/
/Tools//index.{html} /Tools//
/Personal-development/Concepts//index.{html} /Personal-development/Concepts//
/Tools/Cron/index.{html} /Tools/Cron/
/Core/Process/index.{html} /Core/Process/
/Knowledge/Web/Cole-Hastings/index.{html} /Knowledge/Web/Cole-Hastings/
/Personal-development/Brain/Motivation/index.{html} /Personal-development/Brain/Motivation/
/Personal-development/Brain/Social-media/index.{html} /Personal-development/Brain/Social-media/
/Personal-development/Concepts/40-rule/index.{html} /Personal-development/Concepts/40-rule/
/Knowledge/Web/Zen-Jaskiniowca/Zmiana-struktura-bez-bzdur/index.{html} /Knowledge/Web/Zen-Jaskiniowca/Zmiana-struktura-bez-bzdur/
/Knowledge/Web//index.{html} /Knowledge/Web//
/Personal-development/Brain/Resistance/index.{html} /Personal-development/Brain/Resistance/
/Tools/Brave-Browser/index.{html} /Tools/Brave-Browser/
/Tools/Make/index.{html} /Tools/Make/
/Knowledge/Web/Zen-Jaskiniowca/Inhibicja/index.{html} /Knowledge/Web/Zen-Jaskiniowca/Inhibicja/
/Personal-development/Brain/Persistence/index.{html} /Personal-development/Brain/Persistence/
/Coding/Vim/index.{html} /Coding/Vim/
/Coding/Visual-studio-code/index.{html} /Coding/Visual-studio-code/
/Core/Philosophy-behind-my-decisions/index.{html} /Core/Philosophy-behind-my-decisions/
/Knowledge/Books/Do-the-work/index.{html} /Knowledge/Books/Do-the-work/
/Knowledge/Web/Zen-Jaskiniowca/Jak-zosta%C4%87-kr%C3%B3lem-%C5%BCycia/index.{html} /Knowledge/Web/Zen-Jaskiniowca/Jak-zosta%C4%87-kr%C3%B3lem-%C5%BCycia/
/Personal-development/Brain/Attribution/index.{html} /Personal-development/Brain/Attribution/
/Personal-development//index.{html} /Personal-development//
/Tools/Keyboard-maestro/index.{html} /Tools/Keyboard-maestro/
/Knowledge/Web/Zen-Jaskiniowca/5W5H/index.{html} /Knowledge/Web/Zen-Jaskiniowca/5W5H/
/Tools/Raycast/index.{html} /Tools/Raycast/
/callouts/index.{html} /callouts/
/Personal-development/Brain/Situational-attribution/index.{html} /Personal-development/Brain/Situational-attribution/
/Tools/Karabiner/index.{html} /Tools/Karabiner/
/Tools/Todoist/index.{html} /Tools/Todoist/
/Core/Minimalism/index.{html} /Core/Minimalism/
/Knowledge/Books/Power-of-your-subconscious-mind/index.{html} /Knowledge/Books/Power-of-your-subconscious-mind/
/Knowledge/Web/Zen-Jaskiniowca/Op%C3%B3r/index.{html} /Knowledge/Web/Zen-Jaskiniowca/Op%C3%B3r/
/Knowledge/Web/Zen-Jaskiniowca/Torowanie/index.{html} /Knowledge/Web/Zen-Jaskiniowca/Torowanie/
/Personal-development/Brain/Focus/index.{html} /Personal-development/Brain/Focus/
/Core//index.{html} /Core//
/Personal-development/Concepts/Better-safe-than-sorry/index.{html} /Personal-development/Concepts/Better-safe-than-sorry/
/Tools/Warp/index.{html} /Tools/Warp/
/Personal-development/Brain//index.{html} /Personal-development/Brain//
/Tools/Airtable/index.{html} /Tools/Airtable/
/Tools/Habit-now/index.{html} /Tools/Habit-now/
/Coding/Snippets/index.{html} /Coding/Snippets/
/Knowledge/Web/Zen-Jaskiniowca/Wolno%C5%9B%C4%87-i-r%C3%B3wno%C5%9B%C4%87/index.{html} /Knowledge/Web/Zen-Jaskiniowca/Wolno%C5%9B%C4%87-i-r%C3%B3wno%C5%9B%C4%87/
/Personal-development/Brain/Alibis/index.{html} /Personal-development/Brain/Alibis/
/Personal-development/Brain/Availability-heuristic/index.{html} /Personal-development/Brain/Availability-heuristic/
/Personal-development/Brain/Fundamental-attribution-error/index.{html} /Personal-development/Brain/Fundamental-attribution-error/
/Coding/Best-practices/index.{html} /Coding/Best-practices/
/Personal-development/Brain/Procrastination/index.{html} /Personal-development/Brain/Procrastination/
/Personal-development/Concepts/Life-as-a-game/index.{html} /Personal-development/Concepts/Life-as-a-game/
/Personal-development/Brain/Cognitive-bias/index.{html} /Personal-development/Brain/Cognitive-bias/
/Personal-development/Brain/Dispositional-attribution/index.{html} /Personal-development/Brain/Dispositional-attribution/
/Personal-development/Concepts/Two-Day-rule/index.{html} /Personal-development/Concepts/Two-Day-rule/
/Personal-development/Productivity/Sport/index.{html} /Personal-development/Productivity/Sport/
/Personal-development/Productivity//index.{html} /Personal-development/Productivity//
/Core/Rules/index.{html} /Core/Rules/
/Knowledge/Books/Think-and-grow-rich/index.{html} /Knowledge/Books/Think-and-grow-rich/
/Knowledge/Podcasts/Huberman-lab/index.{html} /Knowledge/Podcasts/Huberman-lab/
/Knowledge/Web/Zen-Jaskiniowca//index.{html} /Knowledge/Web/Zen-Jaskiniowca//
/Personal-development/Brain/Argument-from-authority/index.{html} /Personal-development/Brain/Argument-from-authority/
/Knowledge/Podcasts/Zen-jaskiniowca-zrozumie%C4%87-i-wcieli%C4%87/index.{html} /Knowledge/Podcasts/Zen-jaskiniowca-zrozumie%C4%87-i-wcieli%C4%87/
/Knowledge/Podcasts//index.{html} /Knowledge/Podcasts//
/Knowledge/Web/Zen-Jaskiniowca/Motywacja/index.{html} /Knowledge/Web/Zen-Jaskiniowca/Motywacja/
/Knowledge//index.{html} /Knowledge//
/Knowledge/Web/Zen-Jaskiniowca/Mo%C5%BCe/index.{html} /Knowledge/Web/Zen-Jaskiniowca/Mo%C5%BCe/
/Personal-development/Brain/Self-defense-tendency/index.{html} /Personal-development/Brain/Self-defense-tendency/
/Personal-development/Concepts/Definitive-goals/index.{html} /Personal-development/Concepts/Definitive-goals/
